{
    "loss": 7.857889175415039,
    "accuracy": 0.690983235836029
}