{
    "loss": 2.1430773735046387,
    "accuracy": 0.6918894648551941
}